key	en	ru	da	de	es	fi	fr	it	ja	ko	nl	no	pl	pt-BR	sv	tr	uk	zh	zh-Hant
cat.cat_buses	Buses	Автобусы	Busser	Busse	Autobuses	Bussit	Bus	Autobus	バス	버스	Bussen	Busser	Autobusy	Ônibus	Bussar	Otobüsler	Автобуси	巴士	公車
cat.cat_classicsport	Classic Sports	Классические спорткары	Klassiske sportsvogne	Klassische Sportwagen	Deportivos clásicos	Klassiset urheiluautot	Sportives classiques	Sportive classiche	クラシックスポーツ	클래식 스포츠카	Klassieke sportwagens	Klassiske sportsbiler	Klasyczne sportowe	Esportivos clássicos	Klassiska sportbilar	Klasik Spor	Класичні спорткари	经典跑车	經典跑車
cat.cat_construction	Construction	Стройтехника	Byggemaskiner	Baumaschinen	Obras	Työkoneet	Chantier	Cantiere	建設車両	건설 차량	Bouw	Anleggsmaskiner	Budowlane	Construção	Byggmaskiner	İş Makineleri	Будтехніка	工程车	工程車
cat.cat_emergency	Emergency	Спецслужбы	Udrykning	Einsatzfahrzeuge	Emergencias	Hälytysajoneuvot	Urgences	Emergenza	緊急車両	긴급 차량	Hulpdiensten	Utrykning	Ratunkowe	Emergência	Räddning	Acil Durum	Спецслужби	应急车辆	緊急救援
cat.cat_extreme	Extreme	Экстрим	Ekstrem	Extrem	Extremos	Extreme	Extrême	Estreme	エクストリーム	익스트림	Extreem	Ekstrem	Ekstremalne	Extremos	Extrem	Ekstrem	Екстрим	极限	極限
cat.cat_gta	GT Racing A	Гонки GT A	GT Racing A	GT-Rennen A	Carreras GT A	GT Racing A	Course GT A	Corse GT A	GTレーシングA	GT 레이싱 A	GT Racing A	GT Racing A	GT Racing A	Corrida GT A	GT Racing A	GT Racing A	Гонки GT A	GT赛车 A	GT賽車 A
cat.cat_gtr	GT Racing R	Гонки GT R	GT Racing R	GT-Rennen R	Carreras GT R	GT Racing R	Course GT R	Corse GT R	GTレーシングR	GT 레이싱 R	GT Racing R	GT Racing R	GT Racing R	Corrida GT R	GT Racing R	GT Racing R	Гонки GT R	GT赛车 R	GT賽車 R
cat.cat_hatchbacks	Hatchbacks	Хэтчбеки	Hatchbacks	Kompaktwagen	Compactos	Viistoperät	Compactes	Hatchback	ハッチバック	해치백	Hatchbacks	Kombibiler	Hatchbacki	Hatches	Halvkombi	Hatchbackler	Хетчбеки	两厢车	掀背車
cat.cat_monster	Monster Trucks	Монстр-траки	Monstertrucks	Monstertrucks	Monster trucks	Monsteriautot	Monster trucks	Monster truck	モンスタートラック	몬스터 트럭	Monstertrucks	Monstertrucker	Monster trucki	Monster Trucks	Monstertruckar	Canavar Kamyonlar	Монстр-траки	怪兽卡车	怪獸卡車
cat.cat_muscle	Muscle Cars	Маслкары	Muscle cars	Muscle Cars	Muscle cars	Muskeliautot	Muscle cars	Muscle car	マッスルカー	머슬카	Muscle cars	Muskelbiler	Muscle cars	Muscle Cars	Muskelbilar	Muscle Car'lar	Маслкари	肌肉车	肌肉車
cat.cat_pickups	Pickups	Пикапы	Pickupper	Pick-ups	Pick-ups	Avolava-autot	Pick-ups	Pick-up	ピックアップ	픽업트럭	Pick-ups	Pickuper	Pickupy	Picapes	Pickuper	Pikaplar	Пікапи	皮卡	皮卡
cat.cat_police	Police	Полиция	Politi	Polizei	Policía	Poliisi	Police	Polizia	警察	경찰	Politie	Politi	Policja	Polícia	Polis	Polis	Поліція	警车	警車
cat.cat_racing	Racing	Гонки	Racing	Rennwagen	Carreras	Kilpa-autot	Course	Corse	レーシング	레이싱	Race	Racing	Wyścigowe	Corrida	Racing	Yarış	Гонки	赛车	賽車
cat.cat_rally	Rally & Tuning	Ралли и тюнинг	Rally & Tuning	Rallye & Tuning	Rally & Tuning	Ralli ja tuning	Rallye & Tuning	Rally & Tuning	ラリー＆チューニング	랠리 & 튜닝	Rally & Tuning	Rally og tuning	Rajdowe i tuning	Rally e Tuning	Rally & Tuning	Ralli ve Tuning	Ралі й тюнінг	拉力与改装	拉力與改裝
cat.cat_retro	Retro	Ретро	Retro	Retro	Retro	Retro	Rétro	Retrò	レトロ	레트로	Retro	Retro	Retro	Retrô	Retro	Retro	Ретро	复古	復古
cat.cat_sedans	Sedans	Седаны	Sedaner	Limousinen	Sedanes	Sedanit	Berlines	Berline	セダン	세단	Sedans	Sedaner	Sedany	Sedãs	Sedaner	Sedanlar	Седани	轿车	轎車
cat.cat_service	Emergency & Service	Спецслужбы	Udrykning & Service	Einsatz & Service	Emergencias & Servicios	Hälytys ja huolto	Urgences & Services	Emergenza & Servizi	緊急・サービス	긴급 & 서비스	Hulpdiensten & Service	Utrykning og service	Ratunkowe i służbowe	Emergência e Serviço	Räddning & Service	Acil Durum ve Servis	Спецслужби та сервіс	应急与服务	緊急救援與服務
cat.cat_special	Special	Особые	Specielle	Spezial	Especiales	Erikoiset	Spéciales	Speciali	スペシャル	스페셜	Speciaal	Spesial	Specjalne	Especiais	Special	Özel	Особливі	特别	特別
cat.cat_sportcoupe	Sport Coupes	Спорткупе	Sportscoupéer	Sportcoupés	Cupés deportivos	Urheilucoupét	Coupés sport	Coupé sportive	スポーツクーペ	스포츠 쿠페	Sportcoupés	Sportskupeer	Sportowe coupé	Cupês esportivos	Sportkupéer	Spor Coupe'ler	Спорткупе	运动轿跑	運動雙門跑車
cat.cat_supercars	Supercars	Суперкары	Superbiler	Supercars	Superdeportivos	Superautot	Supercars	Supercar	スーパーカー	슈퍼카	Supercars	Superbiler	Supersamochody	Supercarros	Superbilar	Süper Arabalar	Суперкари	超级跑车	超跑
cat.cat_suv	SUVs	Внедорожники	SUV'er	SUVs	SUV	Maasturit	SUV	SUV	SUV	SUV	SUV's	SUV-er	SUV-y	SUVs	SUV:ar	SUV'lar	Позашляховики	SUV	休旅車
cat.cat_trucks	Trucks	Грузовики	Lastbiler	Lkw	Camiones	Kuorma-autot	Camions	Camion	トラック	트럭	Vrachtwagens	Lastebiler	Ciężarówki	Caminhões	Lastbilar	Kamyonlar	Вантажівки	卡车	卡車
cat.cat_vans	Vans & Food Trucks	Фургоны и фудтраки	Varevogne & Foodtrucks	Vans & Foodtrucks	Furgonetas & Food trucks	Pakettiautot ja ruokarekat	Vans & Food trucks	Van & Food truck	バン＆フードトラック	밴 & 푸드트럭	Bestelbussen & Foodtrucks	Varebiler og food trucks	Vany i food trucki	Vans e Food Trucks	Skåpbilar & Foodtrucks	Minibüsler ve Yemek Kamyonları	Фургони та фудтраки	厢式车与餐车	廂型車與餐車
ctl.ability1	Find matches	Поиск совпадений	Find ens biler	Gleiche finden	Buscar iguales	Etsi vastaavat	Trouver les mêmes	Trova uguali	同じ車を探す	같은 차 찾기	Gelijke zoeken	Finn like	Znajdź pasujące	Encontrar iguais	Hitta lika	Eşleşenleri bul	Пошук збігів	查找同款	尋找同款
ctl.ability2	Auto-collect	Автосбор совпадений	Auto-opsamling	Auto-Sammeln	Autorrecogida	Automaattikeräys	Collecte auto	Raccolta automatica	自動回収	자동 수집	Auto-verzamelen	Autosamling	Autozbieranie	Coleta automática	Autoplock	Otomatik toplama	Автозбір	自动收集	自動收集
ctl.ability3	Rack highlight	Подсветка стеллажа	Fremhæv reol	Regal hervorheben	Resaltar estantería	Hyllykön korostus	Surbrillance du rayonnage	Evidenzia scaffale	ラックのハイライト	진열대 강조	Stelling markeren	Reolmarkering	Podświetlenie regału	Destacar estante	Markera hylla	Raf ünitesi vurgusu	Підсвітка стелажа	货架高亮	貨架標示
ctl.crouch	Crouch	Присед	Duk dig	Ducken	Agacharse	Kyykisty	S'accroupir	Abbassarsi	しゃがむ	앉기	Bukken	Huk deg	Kucanie	Agachar	Huka	Eğil	Присід	蹲下	蹲下
ctl.interact	Take	Взять	Tag	Nehmen	Coger	Ota	Prendre	Prendere	取る	잡기	Pakken	Ta	Weź	Pegar	Ta	Al	Взяти	拾取	拿取
ctl.jump	Jump	Прыжок	Hop	Springen	Saltar	Hyppää	Sauter	Saltare	ジャンプ	점프	Springen	Hopp	Skok	Pular	Hoppa	Zıpla	Стрибок	跳跃	跳躍
ctl.look	Look around	Обзор	Se dig omkring	Umsehen	Mirar alrededor	Katsele ympärille	Regarder autour	Guardarsi intorno	視点移動	시점 이동	Rondkijken	Se deg rundt	Rozglądanie się	Olhar ao redor	Se dig omkring	Etrafa bak	Огляд	环视	環視
ctl.mouse_key	Mouse	Мышь	Mus	Maus	Ratón	Hiiri	Souris	Mouse	マウス	마우스	Muis	Mus	Mysz	Mouse	Mus	Fare	Миша	鼠标	滑鼠
ctl.move	Move	Передвижение	Bevæg dig	Bewegen	Moverse	Liiku	Se déplacer	Muoversi	移動	이동	Bewegen	Bevegelse	Ruch	Mover	Rör dig	Hareket	Рух	移动	移動
ctl.pause	Pause	Пауза	Pause	Pause	Pausa	Tauko	Pause	Pausa	ポーズ	일시정지	Pauze	Pause	Pauza	Pausa	Paus	Duraklat	Пауза	暂停	暫停
ctl.place	Place on a shelf or throw	Поставить на полку или бросить	Sæt på en hylde eller kast	Ins Regal stellen oder werfen	Poner en un estante o lanzar	Aseta hyllylle tai heitä	Poser sur une étagère ou lancer	Mettere su un ripiano o lanciare	棚に置く／投げる	선반에 놓기 / 던지기	Op een plank zetten of werpen	Sett på en hylle eller kast	Postaw na półce lub rzuć	Colocar na prateleira ou jogar	Ställ på ett hyllplan eller kasta	Rafa koy veya fırlat	Поставити на полицю або кинути	放上货架或扔出	放上層架或丟出
ctl.select	Select item in hands	Выбор предмета в руках	Vælg ting i hænderne	Gegenstand in der Hand wählen	Elegir objeto en las manos	Valitse esine käsissä	Choisir l'objet en main	Scegliere l'oggetto in mano	手持ちアイテムの選択	손에 든 아이템 선택	Voorwerp in handen kiezen	Velg gjenstand i hendene	Wybór przedmiotu w rękach	Escolher item nas mãos	Välj föremål i händerna	Eldeki eşyayı seç	Вибір предмета в руках	选择手中物品	選擇手上的物品
ctl.sprint	Sprint	Бег	Sprint	Sprinten	Correr	Juokse	Courir	Correre	ダッシュ	달리기	Sprinten	Løp	Sprint	Correr	Spring	Koş	Біг	疾跑	奔跑
ctl.wheel_key	Mouse wheel	Колесо мыши	Musehjul	Mausrad	Rueda del ratón	Hiiren rulla	Molette	Rotellina del mouse	マウスホイール	마우스 휠	Muiswiel	Musehjul	Kółko myszy	Roda do mouse	Mushjul	Fare tekerleği	Коліщатко миші	鼠标滚轮	滑鼠滾輪
msg.ability_not_ready	Ability is not ready yet	Способность ещё не готова	Evnen er ikke klar endnu	Fähigkeit ist noch nicht bereit	La habilidad aún no está lista	Kyky ei ole vielä valmis	La capacité n'est pas encore prête	L'abilità non è ancora pronta	アビリティはまだ使えない	능력이 아직 준비되지 않았어요	Vaardigheid is nog niet klaar	Evnen er ikke klar enda	Umiejętność jeszcze nie jest gotowa	A habilidade ainda não está pronta	Förmågan är inte redo än	Yetenek henüz hazır değil	Здібність ще не готова	技能还没准备好	技能還沒準備好
msg.bomb_spawned	A bomb dropped from the machine, find it in the pile	Из автомата выпала бомба, ищи в куче	En bombe faldt ud af maskinen, find den i bunken	Eine Bombe ist aus dem Automaten gefallen, such sie im Haufen	Ha caído una bomba de la máquina, búscala en el montón	Koneesta putosi pommi, etsi se kasasta	Une bombe est tombée de la machine, cherche-la dans le tas	Una bomba è caduta dalla macchina, cercala nel mucchio	マシンから爆弾が落ちた。山の中を探そう	기계에서 폭탄이 떨어졌어요. 더미에서 찾아보세요	Er viel een bom uit de machine, zoek hem in de stapel	En bombe falt ut av maskinen, finn den i haugen	Z automatu wypadła bomba, poszukaj jej w stercie	Uma bomba caiu da máquina, procure na pilha	En bomb föll ur maskinen, leta i högen	Makineden bir bomba düştü, yığında ara	З автомата випала бомба, шукай у купі	老虎机掉出一颗炸弹，去车堆里找找	拉霸機掉出一顆炸彈，去車堆裡找找
msg.collectible_found	Canister found: {0}/{1}	Канистра найдена: {0}/{1}	Dunk fundet: {0}/{1}	Kanister gefunden: {0}/{1}	Bidón encontrado: {0}/{1}	Kanisteri löytyi: {0}/{1}	Bidon trouvé : {0}/{1}	Tanica trovata: {0}/{1}	燃料缶を発見: {0}/{1}	연료통 발견: {0}/{1}	Jerrycan gevonden: {0}/{1}	Kanne funnet: {0}/{1}	Znaleziono kanister: {0}/{1}	Galão encontrado: {0}/{1}	Dunk hittad: {0}/{1}	Bidon bulundu: {0}/{1}	Каністру знайдено: {0}/{1}	找到油桶：{0}/{1}	找到油桶：{0}/{1}
msg.crate_found	Parts crate: +1	Ящик запчастей: +1	Reservedelskasse: +1	Ersatzteilkiste: +1	Cajón de piezas: +1	Osalaatikko: +1	Caisse de pièces : +1	Cassetta ricambi: +1	パーツ箱: +1	부품 상자: +1	Onderdelenkist: +1	Delekasse: +1	Skrzynka części: +1	Caixa de peças: +1	Reservdelslåda: +1	Parça kasası: +1	Ящик запчастин: +1	零件箱：+1	零件箱：+1
msg.game_complete	All shelves closed. The warehouse is in perfect order!	Все полки закрыты. Склад в полном порядке!	Alle hylder lukket. Lageret er i perfekt orden!	Alle Fächer geschlossen. Im Lager herrscht perfekte Ordnung!	Todos los estantes cerrados. ¡El almacén está en perfecto orden!	Kaikki hyllyt suljettu. Varasto on täydessä järjestyksessä!	Toutes les étagères sont fermées. L'entrepôt est parfaitement rangé !	Tutti i ripiani sono chiusi. Il magazzino è in perfetto ordine!	すべての棚が完成。倉庫は完璧に片付いた！	모든 선반 완료. 창고가 완벽하게 정리됐어요!	Alle planken gesloten. Het magazijn is helemaal op orde!	Alle hyller er lukket. Lageret er i perfekt orden!	Wszystkie półki zamknięte. W magazynie panuje idealny porządek!	Todas as prateleiras fechadas. O depósito está em perfeita ordem!	Alla hyllor stängda. Lagret är i perfekt ordning!	Tüm raflar kapandı. Depo mükemmel düzende!	Усі полиці закрито. Склад у повному порядку!	所有货架层已完成。仓库井井有条！	所有層架都已完成。倉庫井井有條！
msg.need_item_in_hands	Take something in your hands	Возьми что-нибудь в руки	Tag noget i hænderne	Nimm etwas in die Hand	Coge algo con las manos	Ota jotain käteen	Prends quelque chose en main	Prendi qualcosa in mano	何か手に持とう	손에 무언가를 들어보세요	Pak iets in je handen	Ta noe i hendene	Weź coś do rąk	Pegue algo nas mãos	Ta något i händerna	Eline bir şey al	Візьми щось у руки	先拿点东西在手上	先拿點東西在手上
msg.no_crates	No parts crates	Нет ящиков запчастей	Ingen reservedelskasser	Keine Ersatzteilkisten	No hay cajones de piezas	Ei osalaatikoita	Pas de caisse de pièces	Nessuna cassetta ricambi	パーツ箱がない	부품 상자가 없어요	Geen onderdelenkisten	Ingen delekasser	Brak skrzynek z częściami	Sem caixas de peças	Inga reservdelslådor	Parça kasası yok	Немає ящиків запчастин	没有零件箱	沒有零件箱
msg.radio_track	Radio: {0}/{1}	Радио: {0}/{1}	Radio: {0}/{1}	Radio: {0}/{1}	Radio: {0}/{1}	Radio: {0}/{1}	Radio : {0}/{1}	Radio: {0}/{1}	ラジオ: {0}/{1}	라디오: {0}/{1}	Radio: {0}/{1}	Radio: {0}/{1}	Radio: {0}/{1}	Rádio: {0}/{1}	Radio: {0}/{1}	Radyo: {0}/{1}	Радіо: {0}/{1}	收音机：{0}/{1}	收音機：{0}/{1}
msg.register_empty	Register is empty	Касса пуста	Kassen er tom	Kasse ist leer	La caja está vacía	Kassa on tyhjä	La caisse est vide	La cassa è vuota	レジは空	계산대가 비어 있어요	Kassa is leeg	Kassa er tom	Kasa jest pusta	O caixa está vazio	Kassan är tom	Kasa boş	Каса порожня	收银机是空的	收銀機是空的
msg.register_paid	Register: +${0}	Касса: +${0}	Kasse: +${0}	Kasse: +${0}	Caja: +${0}	Kassa: +${0}	Caisse : +${0}	Cassa: +${0}	レジ: +${0}	계산대: +${0}	Kassa: +${0}	Kasse: +${0}	Kasa: +${0}	Caixa: +${0}	Kassa: +${0}	Kasa: +${0}	Каса: +${0}	收银机：+${0}	收銀機：+${0}
msg.register_progress	Register: {0}/{1}	Касса: {0}/{1}	Kasse: {0}/{1}	Kasse: {0}/{1}	Caja: {0}/{1}	Kassa: {0}/{1}	Caisse : {0}/{1}	Cassa: {0}/{1}	レジ: {0}/{1}	계산대: {0}/{1}	Kassa: {0}/{1}	Kasse: {0}/{1}	Kasa: {0}/{1}	Caixa: {0}/{1}	Kassa: {0}/{1}	Kasa: {0}/{1}	Каса: {0}/{1}	收银机：{0}/{1}	收銀機：{0}/{1}
msg.rotate_device	Rotate your phone to landscape	Поверните телефон горизонтально	Vend din telefon til liggende	Dreh dein Handy ins Querformat	Gira el móvil en horizontal	Käännä puhelin vaaka-asentoon	Tourne ton téléphone en mode paysage	Gira il telefono in orizzontale	スマホを横向きにしよう	휴대폰을 가로로 돌려주세요	Draai je telefoon naar liggend	Snu telefonen til liggende	Obróć telefon poziomo	Gire o celular para a horizontal	Vänd telefonen till liggande läge	Telefonunu yatay çevir	Поверни телефон горизонтально	请把手机横过来	請將手機轉為橫向
msg.slot_reward	You got: {0}	Выпало: {0}	Du fik: {0}	Gewonnen: {0}	Te ha tocado: {0}	Sait: {0}	Tu as gagné : {0}	Hai vinto: {0}	獲得: {0}	획득: {0}	Je kreeg: {0}	Du fikk: {0}	Wypadło: {0}	Você ganhou: {0}	Du fick: {0}	Kazandın: {0}	Випало: {0}	你获得了：{0}	你獲得了：{0}
msg.special_maxed	This car is fully upgraded	Машина прокачана полностью	Denne bil er fuldt opgraderet	Dieses Auto ist voll aufgerüstet	Este coche ya está mejorado al máximo	Tämä auto on täysin päivitetty	Cette voiture est entièrement améliorée	Questa auto è già al massimo	この車は最大まで強化済み	이 차는 업그레이드가 끝났어요	Deze auto is volledig geüpgraded	Denne bilen er ferdig oppgradert	Ten samochodzik jest w pełni ulepszony	Este carrinho já está totalmente melhorado	Den här bilen är fullt uppgraderad	Bu araba tamamen geliştirildi	Машинку прокачано повністю	这辆车已升满	這台車已升滿
slot_cooldown.desc	Abilities recharge faster	Способности откатываются быстрее	Evner genoplader hurtigere	Fähigkeiten laden schneller wieder auf	Las habilidades se recargan más rápido	Kyvyt latautuvat nopeammin	Les capacités se rechargent plus vite	Le abilità si ricaricano più in fretta	アビリティのリチャージが速くなる	능력 재충전이 빨라져요	Vaardigheden laden sneller op	Evnene lades opp raskere	Umiejętności ładują się szybciej	As habilidades recarregam mais rápido	Förmågorna laddas om snabbare	Yetenekler daha hızlı dolar	Здібності перезаряджаються швидше	技能冷却更快	技能冷卻更快
slot_cooldown.name	Faster cooldown	Быстрый откат	Hurtigere cooldown	Schnellere Abklingzeit	Recarga más rápida	Nopeampi palautuminen	Recharge plus rapide	Ricarica più veloce	クールダウン短縮	빠른 재충전	Snellere cooldown	Kortere nedkjøling	Szybsze odnowienie	Recarga mais rápida	Kortare cooldown	Daha kısa bekleme	Швидкий відкат	冷却加速	冷卻加速
slot_crate.desc	+1 crate to upgrade special cars	+1 ящик для прокачки особых машин	+1 kasse til at opgradere specialbiler	+1 Kiste zum Aufrüsten besonderer Autos	+1 cajón para mejorar los coches especiales	+1 laatikko erikoisautojen päivittämiseen	+1 caisse pour améliorer les voitures spéciales	+1 cassetta per potenziare le auto speciali	スペシャルカー強化用の箱 +1	스페셜 카 업그레이드용 상자 +1	+1 kist om speciale auto's te upgraden	+1 kasse til å oppgradere spesialbiler	+1 skrzynka do ulepszania specjalnych samochodzików	+1 caixa para melhorar carrinhos especiais	+1 låda för att uppgradera specialbilar	Özel arabaları geliştirmek için +1 kasa	+1 ящик для прокачки особливих машинок	特别车升级用零件箱 +1	特別車升級用零件箱 +1
slot_crate.name	Parts crate	Ящик запчастей	Reservedelskasse	Ersatzteilkiste	Cajón de piezas	Osalaatikko	Caisse de pièces	Cassetta ricambi	パーツ箱	부품 상자	Onderdelenkist	Delekasse	Skrzynka części	Caixa de peças	Reservdelslåda	Parça kasası	Ящик запчастин	零件箱	零件箱
slot_duration.desc	Find matches and rack highlight last longer	Поиск совпадений и подсветка стеллажа держатся дольше	Find ens biler og fremhæv reol varer længere	Gleiche finden und Regal hervorheben halten länger	Buscar iguales y Resaltar estantería duran más	Vastaavien etsintä ja hyllykön korostus kestävät pidempään	Trouver les mêmes et Surbrillance du rayonnage durent plus longtemps	Trova uguali ed Evidenzia scaffale durano di più	「同じ車を探す」とラックのハイライトが長く続く	같은 차 찾기와 진열대 강조가 더 오래 지속돼요	Gelijke zoeken en stelling markeren duren langer	Finn like og reolmarkering varer lenger	Znajdowanie pasujących i podświetlenie regału działają dłużej	Encontrar iguais e destacar estante duram mais	Hitta lika och markera hylla varar längre	Eşleşenleri bul ve raf ünitesi vurgusu daha uzun sürer	Пошук збігів і підсвітка стелажа тривають довше	查找同款和货架高亮持续更久	尋找同款和貨架標示持續更久
slot_duration.name	Longer effect	Долгое действие	Længere effekt	Längere Wirkung	Efecto más largo	Pidempi vaikutus	Effet prolongé	Effetto più lungo	効果時間アップ	효과 지속 증가	Langer effect	Lengre effekt	Dłuższy efekt	Efeito mais longo	Längre effekt	Daha uzun etki	Довша дія	效果延长	效果延長
slot_inventory.desc	+1 inventory slot beyond the terminal	Инвентарь +1 сверх терминала	+1 plads i inventaret ud over terminalen	+1 Inventarplatz zusätzlich zum Terminal	+1 hueco de inventario además del terminal	+1 inventaariopaikka terminaalin lisäksi	+1 emplacement d'inventaire en plus du terminal	+1 slot inventario oltre al terminale	ターミナルとは別にインベントリ枠 +1	터미널과 별개로 인벤토리 슬롯 +1	+1 inventarisvak bovenop de terminal	+1 plass i inventaret utover terminalen	+1 miejsce w ekwipunku ponad terminal	+1 espaço no inventário além do terminal	+1 plats i inventariet utöver terminalen	Terminalin ötesinde +1 envanter yuvası	+1 слот інвентарю понад термінал	终端上限之外再 +1 格背包	終端機上限之外再 +1 格背包
slot_inventory.name	Extra slot	Ещё один слот	Ekstra plads	Extra-Platz	Hueco extra	Lisäpaikka	Emplacement bonus	Slot extra	追加スロット	추가 슬롯	Extra vak	Ekstra plass	Dodatkowe miejsce	Espaço extra	Extra plats	Ekstra yuva	Додатковий слот	额外格子	額外格子
slot_radius.desc	Auto-collect reaches farther	Автосбор тянет машинки с большего расстояния	Auto-opsamling rækker længere	Auto-Sammeln reicht weiter	La autorrecogida llega más lejos	Automaattikeräys ulottuu kauemmas	La collecte auto porte plus loin	La raccolta automatica arriva più lontano	自動回収の範囲が広がる	자동 수집 범위가 더 넓어져요	Auto-verzamelen reikt verder	Autosamling rekker lenger	Autozbieranie sięga dalej	A coleta automática alcança mais longe	Autoplock når längre	Otomatik toplama daha uzağa ulaşır	Автозбір дістає далі	自动收集范围更大	自動收集範圍更大
slot_radius.name	Wider auto-collect	Широкий автосбор	Bredere auto-opsamling	Größerer Sammelradius	Autorrecogida más amplia	Laajempi automaattikeräys	Collecte auto élargie	Raccolta automatica più ampia	自動回収範囲アップ	넓은 자동 수집	Ruimer auto-verzamelen	Bredere autosamling	Szersze autozbieranie	Coleta automática mais ampla	Bredare autoplock	Daha geniş otomatik toplama	Ширший автозбір	更大收集范围	更大收集範圍
special.step.decals	Decals	Декали	Klistermærker	Aufkleber	Pegatinas	Tarrat	Autocollants	Adesivi	デカール	데칼	Stickers	Dekaler	Naklejki	Adesivos	Dekaler	Çıkartmalar	Наліпки	贴花	貼紙
special.step.engine	Engine	Двигатель	Motor	Motor	Motor	Moottori	Moteur	Motore	エンジン	엔진	Motor	Motor	Silnik	Motor	Motor	Motor	Двигун	引擎	引擎
special.step.foglight	Roof lights	Противотуманки	Taglygter	Dachscheinwerfer	Luces de techo	Kattovalot	Phares de toit	Fari sul tetto	ルーフライト	루프 라이트	Daklampen	Taklys	Światła dachowe	Luzes de teto	Takljus	Tavan lambaları	Фари на даху	车顶灯	車頂燈
special.step.front_bumper	Front bumper	Передний бампер	Forkofanger	Frontstoßstange	Parachoques delantero	Etupuskuri	Pare-chocs avant	Paraurti anteriore	フロントバンパー	앞 범퍼	Voorbumper	Fremre støtfanger	Przedni zderzak	Para-choque dianteiro	Främre stötfångare	Ön tampon	Передній бампер	前保险杠	前保桿
special.step.headlight	Headlights	Фары	Forlygter	Scheinwerfer	Faros	Ajovalot	Phares	Fari	ヘッドライト	헤드라이트	Koplampen	Frontlykter	Reflektory	Faróis	Strålkastare	Farlar	Фари	大灯	大燈
special.step.pipe	Exhaust	Выхлоп	Udstødning	Auspuff	Escape	Pakoputki	Échappement	Scarico	マフラー	배기관	Uitlaat	Eksos	Wydech	Escapamento	Avgasrör	Egzoz	Вихлоп	排气管	排氣管
special.step.policelight	Police light	Мигалка	Politiblink	Blaulicht	Luz de policía	Poliisivalo	Gyrophare	Lampeggiante	ポリスライト	경광등	Zwaailicht	Blålys	Kogut policyjny	Giroflex	Blåljus	Polis lambası	Мигалка	警灯	警示燈
special.step.rear_bumper	Rear bumper	Задний бампер	Bagkofanger	Heckstoßstange	Parachoques trasero	Takapuskuri	Pare-chocs arrière	Paraurti posteriore	リアバンパー	뒤 범퍼	Achterbumper	Bakre støtfanger	Tylny zderzak	Para-choque traseiro	Bakre stötfångare	Arka tampon	Задній бампер	后保险杠	後保桿
special.step.spoiler	Spoiler	Спойлер	Spoiler	Spoiler	Alerón	Spoileri	Spoiler	Spoiler	スポイラー	스포일러	Spoiler	Spoiler	Spojler	Aerofólio	Spoiler	Spoiler	Спойлер	尾翼	尾翼
special.step.turbine	Turbine	Турбина	Turbine	Turbine	Turbina	Turbiini	Turbine	Turbina	タービン	터빈	Turbine	Turbin	Turbina	Turbina	Turbin	Türbin	Турбіна	涡轮	渦輪
special.step.wheels	Wheels	Колёса	Hjul	Räder	Ruedas	Pyörät	Roues	Ruote	ホイール	휠	Wielen	Hjul	Koła	Rodas	Hjul	Tekerlekler	Колеса	轮毂	輪圈
tut.look	{0} — look around	{0} — повертеть камерой	Se dig omkring	Sieh dich um	Mira alrededor	Katsele ympärille	Regarde autour de toi	Guardati intorno	周りを見てみよう	주변을 둘러보세요	Rondkijken	Se deg rundt	Rozejrzyj się	Olhar ao redor	Se dig omkring	Etrafa bak	Озирнутися	环顾四周	環顧四周
tut.look_touch	Right half of the screen — look around	Правая половина экрана — повертеть камерой	Højre halvdel af skærmen — se dig omkring	Rechte Bildschirmhälfte — umsehen	Mitad derecha de la pantalla — mirar alrededor	Näytön oikea puolisko — katsele ympärille	Moitié droite de l'écran — regarder autour	Metà destra dello schermo — guardati intorno	画面右半分 — 視点移動	화면 오른쪽 절반 — 시점 이동	Rechterhelft van het scherm — rondkijken	Høyre halvdel av skjermen — se deg rundt	Prawa połowa ekranu — rozejrzyj się	Metade direita da tela — olhar ao redor	Högra halvan av skärmen — se dig omkring	Ekranın sağ yarısı — etrafa bak	Права половина екрана — повертіти камерою	屏幕右半边 — 环顾四周	螢幕右半邊 — 環顧四周
tut.place	{0} — place it on the highlighted rack	{0} — поставить на подсвеченный стеллаж	Sæt den på den fremhævede reol	Stell es ins markierte Regal	Ponlo en la estantería resaltada	Aseta se korostetulle hyllykölle	Pose-la sur le rayonnage en surbrillance	Mettila sullo scaffale evidenziato	ハイライトされたラックに置こう	강조된 진열대에 놓아 보세요	Zet hem op de gemarkeerde stelling	Sett den på den markerte reolen	Postaw go na podświetlonym regale	Colocar na estante destacada	Ställ den på den markerade hyllan	Vurgulanan raf ünitesine koy	Поставити на підсвічений стелаж	把它放到高亮的货架上	把它放到標示的貨架上
tut.place_touch	Place button — the highlighted rack	Кнопка «поставить» — подсвеченный стеллаж	Sæt-knappen — den fremhævede reol	Ablegen-Taste — das markierte Regal	Botón Poner — la estantería resaltada	Aseta-painike — korostettu hyllykkö	Bouton Poser — le rayonnage en surbrillance	Pulsante Metti — lo scaffale evidenziato	「置く」ボタン — ハイライトされたラック	놓기 버튼 — 강조된 진열대	Plaatsknop — de gemarkeerde stelling	Sett-knappen — den markerte reolen	Przycisk Postaw — podświetlony regał	Botão colocar — a estante destacada	Ställ-knappen — den markerade hyllan	Koy düğmesi — vurgulanan raf ünitesi	Кнопка «поставити» — підсвічений стелаж	放置键 — 高亮的货架	放置鍵 — 標示的貨架
tut.take	{0} — pick up any car	{0} — взять любую машинку	Tag en tilfældig bil	Nimm irgendein Auto	Coge cualquier coche	Poimi mikä tahansa auto	Prends n'importe quelle voiture	Prendi un'auto qualsiasi	好きな車を拾おう	아무 차나 집어 보세요	Pak een willekeurige auto	Plukk opp hvilken som helst bil	Weź dowolny samochodzik	Pegar qualquer carrinho	Ta upp vilken bil som helst	Herhangi bir arabayı al	Взяти будь-яку машинку	拿起任意一辆车	拿起任何一台車
tut.take_touch	Take button — pick up any car	Кнопка «взять» — взять любую машинку	Tag-knappen — tag en tilfældig bil	Nehmen-Taste — nimm irgendein Auto	Botón Coger — coge cualquier coche	Ota-painike — poimi mikä tahansa auto	Bouton Prendre — prends n'importe quelle voiture	Pulsante Prendi — prendi un'auto qualsiasi	「取る」ボタン — 好きな車を拾う	잡기 버튼 — 아무 차나 집기	Pakknop — pak een willekeurige auto	Ta-knappen — plukk opp hvilken som helst bil	Przycisk Weź — weź dowolny samochodzik	Botão pegar — pegar qualquer carrinho	Ta-knappen — ta upp vilken bil som helst	Al düğmesi — herhangi bir arabayı al	Кнопка «взяти» — взяти будь-яку машинку	拾取键 — 拿起任意一辆车	拿取鍵 — 拿起任何一台車
tut.walk	{0} — walk around	{0} — походить	Gå rundt	Lauf herum	Camina un poco	Kävele ympäriinsä	Déplace-toi	Cammina in giro	歩いてみよう	걸어 다녀 보세요	Rondlopen	Gå rundt	Pochodź po okolicy	Andar por aí	Gå runt	Etrafta dolaş	Походити	四处走动	四處走動
tut.walk_touch	Left stick — walk around	Стик слева — походить	Venstre pind — gå rundt	Linker Stick — lauf herum	Stick izquierdo — camina un poco	Vasen sauva — kävele ympäriinsä	Stick gauche — déplace-toi	Levetta sinistra — cammina in giro	左スティック — 歩く	왼쪽 스틱 — 걷기	Linker stick — rondlopen	Venstre spak — gå rundt	Lewy drążek — pochodź po okolicy	Analógico esquerdo — andar por aí	Vänster spak — gå runt	Sol çubuk — etrafta dolaş	Стик зліва — походити	左摇杆 — 四处走动	左搖桿 — 四處走動
ui.ab1	Find	Поиск	Find	Finden	Buscar	Etsi	Trouver	Trova	探す	찾기	Zoek	Finn	Szukaj	Buscar	Hitta	Bul	Пошук	查找	尋找
ui.ab2	Auto-collect	Автосбор	Opsaml	Sammeln	Recoger	Autokeräys	Collecte	Raccolta	自動回収	자동 수집	Verzamel	Autosamling	Autozbieranie	Coleta	Autoplock	Oto toplama	Автозбір	自动收集	自動收集
ui.ab3	Rack	Стеллаж	Reol	Regal	Estantería	Hyllykkö	Rayonnage	Scaffale	ラック	진열대	Stelling	Reol	Regał	Estante	Hylla	Raf ünitesi	Стелаж	货架	貨架
ui.back	Back	Назад	Tilbage	Zurück	Atrás	Takaisin	Retour	Indietro	戻る	뒤로	Terug	Tilbake	Wstecz	Voltar	Tillbaka	Geri	Назад	返回	返回
ui.balance	Balance	Баланс	Saldo	Guthaben	Saldo	Saldo	Solde	Saldo	残高	잔액	Saldo	Saldo	Saldo	Saldo	Saldo	Bakiye	Баланс	余额	餘額
ui.buy	Buy	Купить	Køb	Kaufen	Comprar	Osta	Acheter	Compra	購入	구매	Kopen	Kjøp	Kup	Comprar	Köp	Satın al	Купити	购买	購買
ui.cancel	Cancel	Отмена	Afbryd	Abbrechen	Cancelar	Peruuta	Annuler	Annulla	キャンセル	취소	Annuleren	Avbryt	Anuluj	Cancelar	Avbryt	İptal	Скасувати	取消	取消
ui.cars	Cars	Машинки	Biler	Autos	Coches	Autot	Voitures	Auto	車	자동차	Auto's	Biler	Samochodziki	Carrinhos	Bilar	Arabalar	Машинки	车辆	車輛
ui.close	Close	Закрыть	Luk	Schließen	Cerrar	Sulje	Fermer	Chiudi	閉じる	닫기	Sluiten	Lukk	Zamknij	Fechar	Stäng	Kapat	Закрити	关闭	關閉
ui.collectibles	Canisters	Канистры	Dunke	Kanister	Bidones	Kanisterit	Bidons	Taniche	燃料缶	연료통	Jerrycans	Kanner	Kanistry	Galões	Dunkar	Bidonlar	Каністри	油桶	油桶
ui.controls	Controls	Управление	Styring	Steuerung	Controles	Ohjaus	Commandes	Comandi	操作	조작	Besturing	Kontroller	Sterowanie	Controles	Kontroller	Kontroller	Керування	操作	操作
ui.crates	Parts crates	Ящики запчастей	Reservedelskasser	Ersatzteilkisten	Cajones de piezas	Osalaatikot	Caisses de pièces	Cassette ricambi	パーツ箱	부품 상자	Onderdelenkisten	Delekasser	Skrzynki części	Caixas de peças	Reservdelslådor	Parça kasaları	Ящики запчастин	零件箱	零件箱
ui.hint	{0} take · {1} place/throw · {2} select · {3} menu	{0} взять · {1} поставить/бросить · {2} выбрать · {3} меню	{0} tag · {1} sæt/kast · {2} vælg · {3} menu	{0} nehmen · {1} ablegen/werfen · {2} wählen · {3} Menü	{0} coger · {1} poner/lanzar · {2} elegir · {3} menú	{0} ota · {1} aseta/heitä · {2} valitse · {3} valikko	{0} prendre · {1} poser/lancer · {2} choisir · {3} menu	{0} prendi · {1} metti/lancia · {2} scegli · {3} menu	{0} 取る · {1} 置く/投げる · {2} 選ぶ · {3} メニュー	{0} 잡기 · {1} 놓기/던지기 · {2} 선택 · {3} 메뉴	{0} pakken · {1} zetten/werpen · {2} kiezen · {3} menu	{0} ta · {1} sett/kast · {2} velg · {3} meny	{0} weź · {1} postaw/rzuć · {2} wybierz · {3} menu	{0} pegar · {1} colocar/jogar · {2} escolher · {3} menu	{0} ta · {1} ställ/kasta · {2} välj · {3} meny	{0} al · {1} koy/fırlat · {2} seç · {3} menü	{0} взяти · {1} поставити/кинути · {2} вибрати · {3} меню	{0} 拾取 · {1} 放置/扔出 · {2} 选择 · {3} 菜单	{0} 拿取 · {1} 放置/丟出 · {2} 選擇 · {3} 選單
ui.language	Language	Язык	Sprog	Sprache	Idioma	Kieli	Langue	Lingua	言語	언어	Taal	Språk	Język	Idioma	Språk	Dil	Мова	语言	語言
ui.max	Max	Макс.	Maks.	Max.	Máx.	Maks.	Max	Max	最大	최대	Max.	Maks	Maks.	Máx.	Max	Maks	Макс.	最大	最大
ui.music	Music	Музыка	Musik	Musik	Música	Musiikki	Musique	Musica	音楽	음악	Muziek	Musikk	Muzyka	Música	Musik	Müzik	Музика	音乐	音樂
ui.newgame	Reset progress	Сбросить прогресс	Nulstil fremskridt	Fortschritt zurücksetzen	Reiniciar progreso	Nollaa edistyminen	Réinitialiser la progression	Azzera progressi	進行をリセット	진행 초기화	Voortgang wissen	Nullstill fremgang	Resetuj postęp	Zerar progresso	Återställ framsteg	İlerlemeyi sıfırla	Скинути прогрес	重置进度	重設進度
ui.off	Off	Выкл	Fra	Aus	No	Pois	Non	No	オフ	끄기	Uit	Av	Wył.	Desligado	Av	Kapalı	Вимк	关	關
ui.on	On	Вкл	Til	An	Sí	Päällä	Oui	Sì	オン	켜기	Aan	På	Wł.	Ligado	På	Açık	Увімк	开	開
ui.pause	Pause	Пауза	Pause	Pause	Pausa	Tauko	Pause	Pausa	ポーズ	일시정지	Pauze	Pause	Pauza	Pausa	Paus	Duraklat	Пауза	暂停	暫停
ui.push_buy	Push buy	Нажми купить	Tryk på køb	Drück Kaufen	Pulsa Comprar	Paina Osta	Appuie sur Acheter	Premi Compra	「購入」を押そう	구매를 눌러 보세요	Druk op kopen	Trykk kjøp	Wciśnij Kup	Aperte comprar	Tryck på köp	Satın al'a bas	Натисни «Купити»	按下购买	按下購買
ui.reset_confirm	Reset all progress and start over?	Вы точно хотите сбросить весь прогресс и начать заново?	Nulstil alle fremskridt og start forfra?	Gesamten Fortschritt zurücksetzen und neu anfangen?	¿Reiniciar todo el progreso y empezar de cero?	Nollataanko kaikki edistyminen ja aloitetaan alusta?	Réinitialiser toute la progression et recommencer ?	Azzerare tutti i progressi e ricominciare?	進行をすべてリセットして最初からやり直す？	모든 진행을 초기화하고 처음부터 시작할까요?	Alle voortgang wissen en opnieuw beginnen?	Nullstille all fremgang og starte på nytt?	Zresetować cały postęp i zacząć od nowa?	Zerar todo o progresso e começar de novo?	Återställ alla framsteg och börja om?	Tüm ilerleme sıfırlanıp baştan başlansın mı?	Скинути весь прогрес і почати заново?	重置全部进度并重新开始？	要重設全部進度並重新開始嗎？
ui.resume	Resume	Продолжить	Fortsæt	Weiter	Continuar	Jatka	Reprendre	Riprendi	再開	계속하기	Verder	Fortsett	Wznów	Continuar	Fortsätt	Devam et	Продовжити	继续	繼續
ui.save	Save	Сохранить	Gem	Speichern	Guardar	Tallenna	Sauvegarder	Salva	保存	저장	Opslaan	Lagre	Zapisz	Salvar	Spara	Kaydet	Зберегти	保存	儲存
ui.saved	Saved	Сохранено	Gemt	Gespeichert	Guardado	Tallennettu	Sauvegardé	Salvato	保存済み	저장됨	Opgeslagen	Lagret	Zapisano	Salvo	Sparat	Kaydedildi	Збережено	已保存	已儲存
ui.sens_x	Horizontal sensitivity	Чувствительность по горизонтали	Vandret følsomhed	Empfindlichkeit horizontal	Sensibilidad horizontal	Vaakaherkkyys	Sensibilité horizontale	Sensibilità orizzontale	横の感度	가로 감도	Horizontale gevoeligheid	Horisontal følsomhet	Czułość w poziomie	Sensibilidade horizontal	Horisontell känslighet	Yatay hassasiyet	Чутливість по горизонталі	水平灵敏度	水平靈敏度
ui.sens_y	Vertical sensitivity	Чувствительность по вертикали	Lodret følsomhed	Empfindlichkeit vertikal	Sensibilidad vertical	Pystyherkkyys	Sensibilité verticale	Sensibilità verticale	縦の感度	세로 감도	Verticale gevoeligheid	Vertikal følsomhet	Czułość w pionie	Sensibilidade vertical	Vertikal känslighet	Dikey hassasiyet	Чутливість по вертикалі	垂直灵敏度	垂直靈敏度
ui.settings	Settings	Настройки	Indstillinger	Einstellungen	Ajustes	Asetukset	Options	Impostazioni	設定	설정	Instellingen	Innstillinger	Ustawienia	Configurações	Inställningar	Ayarlar	Налаштування	设置	設定
ui.sfx	Effects	Эффекты	Effekter	Effekte	Efectos	Tehosteet	Effets	Effetti	効果音	효과음	Effecten	Effekter	Efekty	Efeitos	Effekter	Efektler	Ефекти	音效	音效
ui.shelves	Shelves	Полки	Hylder	Fächer	Estantes	Hyllyt	Étagères	Ripiani	棚	선반	Planken	Hyller	Półki	Prateleiras	Hyllor	Raflar	Полиці	货架层	層架
ui.shuffle	Shuffle the pile	Перемешать кучу	Bland bunken	Haufen mischen	Remover el montón	Sekoita kasa	Mélanger le tas	Mescola il mucchio	山をシャッフル	더미 섞기	Stapel schudden	Bland haugen	Przemieszaj stertę	Embaralhar a pilha	Blanda högen	Yığını karıştır	Перемішати купу	打乱车堆	打亂車堆
ui.shuffling	Shuffling the pile…	Перемешиваем кучу…	Blander bunken…	Haufen wird gemischt…	Removiendo el montón…	Sekoitetaan kasaa…	Mélange du tas…	Mescolo il mucchio…	山をシャッフル中…	더미 섞는 중…	Stapel wordt geschud…	Blander haugen…	Mieszanie sterty…	Embaralhando a pilha…	Blandar högen…	Yığın karıştırılıyor…	Перемішуємо купу…	正在打乱车堆…	正在打亂車堆…
ui.slot	Slot Machine	Слот-машина	Spilleautomat	Spielautomat	Tragaperras	Hedelmäpeli	Machine à sous	Slot machine	スロットマシン	슬롯머신	Gokautomaat	Spilleautomat	Jednoręki bandyta	Caça-níquel	Enarmad bandit	Slot Makinesi	Слот-машина	老虎机	拉霸機
ui.slot_bomb	Bomb!	Бомба!	Bombe!	Bombe!	¡Bomba!	Pommi!	Bombe !	Bomba!	爆弾！	폭탄!	Bom!	Bombe!	Bomba!	Bomba!	Bomb!	Bomba!	Бомба!	炸弹！	炸彈！
ui.slot_bomb_extra	bomb	бомба	bombe	Bombe	bomba	pommi	bombe	bomba	爆弾	폭탄	bom	bombe	bomba	bomba	bomb	bomba	бомба	炸弹	炸彈
ui.slot_bonus_cd	cooldown ×{0}	откат ×{0}	cooldown ×{0}	Abklingzeit ×{0}	recarga ×{0}	palautuminen ×{0}	recharge ×{0}	ricarica ×{0}	クールダウン ×{0}	재충전 ×{0}	cooldown ×{0}	nedkjøling ×{0}	odnowienie ×{0}	recarga ×{0}	cooldown ×{0}	bekleme ×{0}	відкат ×{0}	冷却 ×{0}	冷卻 ×{0}
ui.slot_bonus_duration	duration ×{0}	действие ×{0}	varighed ×{0}	Dauer ×{0}	duración ×{0}	kesto ×{0}	durée ×{0}	durata ×{0}	効果時間 ×{0}	지속 ×{0}	duur ×{0}	varighet ×{0}	czas ×{0}	duração ×{0}	varaktighet ×{0}	süre ×{0}	дія ×{0}	时长 ×{0}	時長 ×{0}
ui.slot_bonus_radius	radius ×{0}	радиус ×{0}	radius ×{0}	Radius ×{0}	radio ×{0}	säde ×{0}	rayon ×{0}	raggio ×{0}	範囲 ×{0}	범위 ×{0}	bereik ×{0}	radius ×{0}	zasięg ×{0}	raio ×{0}	radie ×{0}	yarıçap ×{0}	радіус ×{0}	范围 ×{0}	範圍 ×{0}
ui.slot_empty	Empty. All rewards are out	Пусто. Все награды выданы	Tom. Alle præmier er væk	Leer. Alle Belohnungen sind weg	Vacía. Se han agotado los premios	Tyhjä. Kaikki palkinnot on jaettu	Vide. Toutes les récompenses ont été distribuées	Vuota. Tutti i premi sono finiti	空っぽ。報酬はすべて出た	비었어요. 보상이 모두 나갔어요	Leeg. Alle prijzen zijn op	Tomt. Alle belønninger er delt ut	Pusto. Wszystkie nagrody rozdane	Vazio. Todos os prêmios acabaram	Tomt. Alla priser är slut	Boş. Tüm ödüller dağıtıldı	Порожньо. Усі нагороди видано	空了。奖励已全部发完	空了。獎勵已全部發完
ui.slot_empty_bombs	Rewards are out. Every spin drops a bomb	Награды закончились. Каждый спин даёт бомбу	Præmierne er væk. Hvert spin giver en bombe	Belohnungen sind aus. Jeder Dreh bringt eine Bombe	Se acabaron los premios. Cada tirada suelta una bomba	Palkinnot loppuivat. Jokainen pyöräytys antaa pommin	Plus de récompenses. Chaque tour lâche une bombe	Premi finiti. Ogni giro sgancia una bomba	報酬は終了。回すたびに爆弾が出る	보상이 끝났어요. 이제 돌릴 때마다 폭탄이 나와요	Prijzen zijn op. Elke draai geeft een bom	Belønningene er brukt opp. Hvert spinn gir en bombe	Nagrody się skończyły. Każde zakręcenie daje bombę	Os prêmios acabaram. Cada giro solta uma bomba	Priserna är slut. Varje snurr ger en bomb	Ödüller bitti. Her çevirme bomba düşürür	Нагороди скінчилися. Кожен спін дає бомбу	奖励已发完。每次转动都会掉炸弹	獎勵已發完。每拉一次都會掉炸彈
ui.slot_idle	Every spin gives a reward	Каждое вращение даёт награду	Hvert spin giver en præmie	Jeder Dreh bringt eine Belohnung	Cada tirada da un premio	Jokainen pyöräytys antaa palkinnon	Chaque tour donne une récompense	Ogni giro dà un premio	回すたびに報酬がもらえる	돌릴 때마다 보상이 나와요	Elke draai geeft een prijs	Hvert spinn gir en belønning	Każde zakręcenie daje nagrodę	Cada giro dá um prêmio	Varje snurr ger ett pris	Her çevirme bir ödül verir	Кожне обертання дає нагороду	每转一次都有奖励	每拉一次都有獎勵
ui.slot_prizes	Prizes	Призы	Præmier	Preise	Premios	Palkinnot	Lots	Premi	賞品	상품	Prijzen	Premier	Nagrody	Prêmios	Priser	Ödüller	Призи	奖品	獎品
ui.slot_remaining	Rewards left: {0}	Осталось наград: {0}	Præmier tilbage: {0}	Belohnungen übrig: {0}	Premios restantes: {0}	Palkintoja jäljellä: {0}	Récompenses restantes : {0}	Premi rimasti: {0}	残り報酬: {0}	남은 보상: {0}	Prijzen over: {0}	Belønninger igjen: {0}	Pozostało nagród: {0}	Prêmios restantes: {0}	Priser kvar: {0}	Kalan ödül: {0}	Залишилось нагород: {0}	剩余奖励：{0}	剩餘獎勵：{0}
ui.special_done	All parts installed	Все детали установлены	Alle dele monteret	Alle Teile eingebaut	Todas las piezas instaladas	Kaikki osat asennettu	Toutes les pièces sont installées	Tutti i pezzi montati	パーツはすべて取り付け済み	모든 부품 장착 완료	Alle onderdelen geplaatst	Alle deler montert	Wszystkie części zamontowane	Todas as peças instaladas	Alla delar monterade	Tüm parçalar takıldı	Усі деталі встановлено	所有零件已装好	所有零件已裝好
ui.special_hold	Hold to upgrade	Удерживай, чтобы улучшить	Hold nede for at opgradere	Halten zum Aufrüsten	Mantén pulsado para mejorar	Pidä pohjassa päivittääksesi	Maintiens pour améliorer	Tieni premuto per potenziare	長押しで強化	길게 눌러 업그레이드	Houd vast om te upgraden	Hold inne for å oppgradere	Przytrzymaj, aby ulepszyć	Segure para melhorar	Håll in för att uppgradera	Geliştirmek için basılı tut	Утримуй, щоб покращити	长按升级	長按升級
ui.special_level	Upgrades: {0}/{1}	Улучшений: {0}/{1}	Opgraderinger: {0}/{1}	Upgrades: {0}/{1}	Mejoras: {0}/{1}	Päivitykset: {0}/{1}	Améliorations : {0}/{1}	Potenziamenti: {0}/{1}	強化: {0}/{1}	업그레이드: {0}/{1}	Upgrades: {0}/{1}	Oppgraderinger: {0}/{1}	Ulepszenia: {0}/{1}	Melhorias: {0}/{1}	Uppgraderingar: {0}/{1}	Geliştirmeler: {0}/{1}	Покращень: {0}/{1}	升级：{0}/{1}	升級：{0}/{1}
ui.special_max	Maxed out	Максимум	Maksimalt	Voll ausgebaut	Al máximo	Maksimissa	Au maximum	Al massimo	最大強化済み	최대치	Maximaal	Maks nivå	Maksimum	No máximo	Maxad	Maksimumda	Максимум	已满级	已滿級
ui.special_next	Next part: {0}	Следующая деталь: {0}	Næste del: {0}	Nächstes Teil: {0}	Siguiente pieza: {0}	Seuraava osa: {0}	Pièce suivante : {0}	Prossimo pezzo: {0}	次のパーツ: {0}	다음 부품: {0}	Volgend onderdeel: {0}	Neste del: {0}	Następna część: {0}	Próxima peça: {0}	Nästa del: {0}	Sonraki parça: {0}	Наступна деталь: {0}	下一个零件：{0}	下一個零件：{0}
ui.spin	Spin · ${0}	Крутить · ${0}	Spin · ${0}	Drehen · ${0}	Tirar · ${0}	Pyöräytä · ${0}	Tourner · ${0}	Gira · ${0}	回す · ${0}	돌리기 · ${0}	Draaien · ${0}	Spinn · ${0}	Zakręć · ${0}	Girar · ${0}	Snurra · ${0}	Çevir · ${0}	Крутити · ${0}	转动 · ${0}	拉霸 · ${0}
ui.terminal	Upgrade Terminal	Терминал улучшений	Opgraderingsterminal	Upgrade-Terminal	Terminal de mejoras	Päivitysterminaali	Terminal d'améliorations	Terminale potenziamenti	強化ターミナル	업그레이드 터미널	Upgradeterminal	Oppgraderingsterminal	Terminal ulepszeń	Terminal de melhorias	Uppgraderingsterminal	Geliştirme Terminali	Термінал покращень	升级终端	升級終端機
ui.unstuck	Return stuck cars	Вернуть застрявшие машинки	Hent fastkørte biler tilbage	Hängende Autos zurückholen	Recuperar coches atascados	Palauta jumittuneet autot	Récupérer les voitures coincées	Recupera le auto incastrate	はまった車を戻す	끼인 차 되돌리기	Vastzittende auto's terughalen	Hent tilbake biler som sitter fast	Przywróć zablokowane samochodziki	Devolver carrinhos presos	Hämta tillbaka fastnade bilar	Sıkışan arabaları geri getir	Повернути застряглі машинки	找回卡住的车	找回卡住的車
ui.vibration	Vibration	Вибрация	Vibration	Vibration	Vibración	Värinä	Vibration	Vibrazione	振動	진동	Trilling	Vibrering	Wibracje	Vibração	Vibration	Titreşim	Вібрація	震动	震動
ui.yes	Yes, reset	Да, сбросить	Ja, nulstil	Ja, zurücksetzen	Sí, reiniciar	Kyllä, nollaa	Oui, réinitialiser	Sì, azzera	リセットする	네, 초기화	Ja, wissen	Ja, nullstill	Tak, resetuj	Sim, zerar	Ja, återställ	Evet, sıfırla	Так, скинути	是，重置	是，重設
upg_autocollect.desc	Key 2: pulls the same cars nearby into your inventory	Клавиша 2: затягивает такие же машинки поблизости в инвентарь	Tast 2: trækker ens biler i nærheden ind i dit inventar	Taste 2: zieht gleiche Autos in der Nähe in dein Inventar	Tecla 2: atrae los coches iguales cercanos a tu inventario	Näppäin 2: vetää lähellä olevat samanlaiset autot inventaarioosi	Touche 2 : attire les mêmes voitures à proximité dans ton inventaire	Tasto 2: attira le auto uguali nelle vicinanze nel tuo inventario	キー2: 近くの同じ車をインベントリに引き寄せる	2번 키: 근처의 같은 차를 인벤토리로 끌어와요	Toets 2: trekt dezelfde auto's in de buurt naar je inventaris	Tast 2: trekker like biler i nærheten inn i inventaret	Klawisz 2: przyciąga takie same samochodziki z okolicy do ekwipunku	Tecla 2: puxa carrinhos iguais por perto para o inventário	Tangent 2: drar in likadana bilar i närheten till ditt inventarie	Tuş 2: yakındaki aynı arabaları envanterine çeker	Клавіша 2: затягує такі ж машинки поблизу в інвентар	按键 2：把附近的同款车吸进背包	按鍵 2：把附近的同款車吸進背包
upg_autocollect.name	Auto-collect	Автосбор совпадений	Auto-opsamling	Auto-Sammeln	Autorrecogida	Automaattikeräys	Collecte auto	Raccolta automatica	自動回収	자동 수집	Auto-verzamelen	Autosamling	Autozbieranie	Coleta automática	Autoplock	Otomatik toplama	Автозбір	自动收集	自動收集
upg_autoplace.desc	A car thrown into its rack snaps onto a shelf	Брошенная в свой стеллаж машинка сама встаёт на полку	En bil kastet ind i sin reol sætter sig selv på en hylde	Ein ins richtige Regal geworfenes Auto rastet im Fach ein	Un coche lanzado a su estantería se coloca solo en un estante	Omaan hyllykköönsä heitetty auto napsahtaa hyllylle	Une voiture lancée dans son rayonnage se range toute seule sur une étagère	Un'auto lanciata nel suo scaffale si sistema da sola sul ripiano	ラックに投げ込んだ車が自動で棚に収まる	제 진열대에 던진 차가 알아서 선반에 놓여요	Een auto die je in de juiste stelling werpt, klikt vast op een plank	En bil kastet i riktig reol setter seg på en hylle selv	Samochodzik rzucony w swój regał sam trafia na półkę	Um carrinho jogado na estante certa encaixa sozinho na prateleira	En bil som kastas in i rätt hylla hamnar själv på ett hyllplan	Kendi raf ünitesine fırlatılan araba rafa kendiliğinden oturur	Кинута у свій стелаж машинка сама стає на полицю	扔进对应货架的车会自动上架	丟進對應貨架的車會自動上架
upg_autoplace.name	Auto-place on throw	Авторасстановка при броске	Auto-placering ved kast	Auto-Ablegen beim Werfen	Autocolocación al lanzar	Autoasettelu heitosta	Rangement auto au lancer	Posizionamento automatico al lancio	投げて自動配置	던지면 자동 배치	Auto-plaatsen bij werpen	Autoplassering ved kast	Autoustawianie przy rzucie	Encaixe automático ao jogar	Autoplacering vid kast	Fırlatmada otomatik yerleştirme	Автостановлення при кидку	投掷自动上架	丟擲自動上架
upg_crouch.desc	Hold Ctrl to crouch under shelves	Присед на Ctrl, чтобы собирать под полками	Hold Ctrl for at dukke dig under hylderne	Halte Strg, um dich unter Regale zu ducken	Mantén Ctrl para agacharte bajo los estantes	Pidä Ctrl pohjassa kyykistyäksesi hyllyjen alle	Maintiens Ctrl pour t'accroupir sous les étagères	Tieni premuto Ctrl per abbassarti sotto i ripiani	Ctrl長押しでしゃがんで棚の下を探せる	Ctrl을 길게 눌러 선반 아래로 앉을 수 있어요	Houd Ctrl vast om onder planken te bukken	Hold Ctrl for å huke deg under hyllene	Trzymaj Ctrl, aby kucać pod półkami	Segure Ctrl para agachar sob as prateleiras	Håll in Ctrl för att huka under hyllorna	Rafların altına eğilmek için Ctrl'ye basılı tut	Утримуй Ctrl, щоб присідати під полицями	按住 Ctrl 蹲下，钻到货架底下	按住 Ctrl 蹲下，鑽到貨架底下
upg_crouch.name	Unlock crouch	Открыть присед	Lås op for duk	Ducken freischalten	Desbloquear agacharse	Avaa kyykistyminen	Débloquer l'accroupissement	Sblocca accovacciamento	しゃがみ解放	앉기 해금	Bukken ontgrendelen	Lås opp huking	Odblokuj kucanie	Liberar agachar	Lås upp huka	Eğilmeyi aç	Відкрити присід	解锁蹲下	解鎖蹲下
upg_dup_highlight.desc	Key 1: matching cars in the pile glow and float up	Клавиша 1: такие же машинки в куче подсвечиваются и поднимаются в воздух	Tast 1: ens biler i bunken lyser op og svæver	Taste 1: gleiche Autos im Haufen leuchten und schweben hoch	Tecla 1: los coches iguales del montón brillan y flotan	Näppäin 1: samanlaiset autot kasassa hohtavat ja nousevat ilmaan	Touche 1 : les mêmes voitures dans le tas brillent et s'élèvent	Tasto 1: le auto uguali nel mucchio brillano e si sollevano	キー1: 山の中の同じ車が光って浮き上がる	1번 키: 더미 속 같은 차가 빛나며 떠올라요	Toets 1: dezelfde auto's in de stapel gloeien en zweven omhoog	Tast 1: like biler i haugen lyser og svever opp	Klawisz 1: pasujące samochodziki w stercie świecą i unoszą się w górę	Tecla 1: carrinhos iguais na pilha brilham e flutuam	Tangent 1: likadana bilar i högen lyser och svävar upp	Tuş 1: yığındaki eşleşen arabalar parlar ve havaya kalkar	Клавіша 1: такі ж машинки в купі світяться й злітають угору	按键 1：车堆里的同款车会发光并浮起	按鍵 1：車堆裡的同款車會發光並浮起
upg_dup_highlight.name	Find matches	Поиск совпадений	Find ens biler	Gleiche finden	Buscar iguales	Etsi vastaavat	Trouver les mêmes	Trova uguali	同じ車を探す	같은 차 찾기	Gelijke zoeken	Finn like	Znajdź pasujące	Encontrar iguais	Hitta lika	Eşleşenleri bul	Пошук збігів	查找同款	尋找同款
upg_inventory.desc	+1 slot per level, up to 15	+1 слот за уровень, максимум 15	+1 plads pr. niveau, op til 15	+1 Platz pro Stufe, bis zu 15	+1 hueco por nivel, hasta 15	+1 paikka per taso, enintään 15	+1 emplacement par niveau, jusqu'à 15	+1 slot per livello, fino a 15	レベルごとに枠 +1、最大15	레벨당 슬롯 +1, 최대 15	+1 vak per level, tot 15	+1 plass per nivå, opptil 15	+1 miejsce za poziom, maks. 15	+1 espaço por nível, até 15	+1 plats per nivå, upp till 15	Seviye başına +1 yuva, en fazla 15	+1 слот за рівень, максимум 15	每级 +1 格，最多 15 格	每級 +1 格，最多 15 格
upg_inventory.name	Bigger inventory	Больший инвентарь	Større inventar	Größeres Inventar	Inventario más grande	Suurempi inventaario	Inventaire agrandi	Inventario più grande	インベントリ拡張	인벤토리 확장	Grotere inventaris	Større inventar	Większy ekwipunek	Inventário maior	Större inventarie	Daha büyük envanter	Більший інвентар	更大背包	更大背包
upg_range.desc	Take and place cars from farther away	Брать и ставить машинки с большего расстояния	Tag og sæt biler fra længere væk	Autos aus größerer Entfernung nehmen und ablegen	Coge y coloca coches desde más lejos	Ota ja aseta autoja kauempaa	Prends et pose les voitures de plus loin	Prendi e metti le auto da più lontano	もっと遠くから車を取ったり置いたりできる	더 멀리서 차를 잡고 놓을 수 있어요	Pak en plaats auto's van verder weg	Ta og sett biler fra lengre avstand	Bierz i stawiaj samochodziki z większej odległości	Pegue e coloque carrinhos de mais longe	Ta och ställ bilar på längre håll	Arabaları daha uzaktan al ve koy	Брати й ставити машинки з більшої відстані	从更远处拿取和放置车辆	從更遠處拿取和放置車輛
upg_range.name	Longer reach	Большая дальность	Længere rækkevidde	Größere Reichweite	Mayor alcance	Pidempi ulottuvuus	Portée accrue	Portata maggiore	リーチ延長	사거리 증가	Groter bereik	Lengre rekkevidde	Większy zasięg	Alcance maior	Längre räckvidd	Daha uzun erişim	Більша дальність	更远距离	更遠距離
upg_shelf_highlight.desc	Key 3: highlights the rack for the car in hand	Клавиша 3: подсвечивает стеллаж категории машинки в руках	Tast 3: fremhæver reolen til bilen i hånden	Taste 3: hebt das Regal für das Auto in der Hand hervor	Tecla 3: resalta la estantería del coche que llevas	Näppäin 3: korostaa kädessä olevan auton hyllykön	Touche 3 : surligne le rayonnage de la voiture en main	Tasto 3: evidenzia lo scaffale dell'auto in mano	キー3: 手持ちの車のラックをハイライト	3번 키: 손에 든 차의 진열대를 강조해요	Toets 3: markeert de stelling voor de auto in je hand	Tast 3: markerer reolen for bilen du holder	Klawisz 3: podświetla regał dla samochodzika w ręce	Tecla 3: destaca a estante do carrinho na mão	Tangent 3: markerar hyllan för bilen i handen	Tuş 3: eldeki arabanın raf ünitesini vurgular	Клавіша 3: підсвічує стелаж для машинки в руках	按键 3：高亮手中车辆对应的货架	按鍵 3：標示手上車輛對應的貨架
upg_shelf_highlight.name	Rack highlight	Подсветка стеллажа	Fremhæv reol	Regal hervorheben	Resaltar estantería	Hyllykön korostus	Surbrillance du rayonnage	Evidenzia scaffale	ラックのハイライト	진열대 강조	Stelling markeren	Reolmarkering	Podświetlenie regału	Destacar estante	Markera hylla	Raf ünitesi vurgusu	Підсвітка стелажа	货架高亮	貨架標示
upg_sprint.desc	Hold Shift to run	Бег на Shift	Hold Shift for at løbe	Halte Shift, um zu rennen	Mantén Shift para correr	Pidä Shift pohjassa juostaksesi	Maintiens Maj pour courir	Tieni premuto Shift per correre	Shift長押しで走れる	Shift를 길게 눌러 달려요	Houd Shift vast om te rennen	Hold Shift for å løpe	Trzymaj Shift, aby biec	Segure Shift para correr	Håll in Shift för att springa	Koşmak için Shift'e basılı tut	Утримуй Shift, щоб бігти	按住 Shift 奔跑	按住 Shift 奔跑
upg_sprint.name	Unlock sprint	Открыть спринт	Lås op for sprint	Sprint freischalten	Desbloquear esprint	Avaa juoksu	Débloquer la course	Sblocca corsa	ダッシュ解放	달리기 해금	Sprinten ontgrendelen	Lås opp løping	Odblokuj sprint	Liberar corrida	Lås upp sprint	Koşmayı aç	Відкрити біг	解锁疾跑	解鎖奔跑
upg_throw.desc	Cars fly farther	Машинки летят дальше	Biler flyver længere	Autos fliegen weiter	Los coches vuelan más lejos	Autot lentävät kauemmas	Les voitures volent plus loin	Le auto volano più lontano	車がもっと遠くまで飛ぶ	차가 더 멀리 날아가요	Auto's vliegen verder	Bilene flyr lenger	Samochodziki lecą dalej	Os carrinhos voam mais longe	Bilarna flyger längre	Arabalar daha uzağa uçar	Машинки летять далі	车能扔得更远	車能丟得更遠
upg_throw.name	Stronger throw	Более сильный бросок	Kraftigere kast	Stärkerer Wurf	Lanzamiento más fuerte	Voimakkaampi heitto	Lancer plus puissant	Lancio più forte	投げる力アップ	강한 던지기	Sterkere worp	Kraftigere kast	Mocniejszy rzut	Arremesso mais forte	Kraftigare kast	Daha güçlü fırlatma	Сильніший кидок	更强投掷	更強丟擲
