key	en	ru
car.car_buses_00	Red short city bus	Красный короткий городской автобус
car.car_buses_01	Blue city bus	Синий городской автобус
car.car_buses_02	Green long city bus	Зелёный длинный городской автобус
car.car_buses_03	Yellow short double-decker bus	Жёлтый короткий двухэтажный автобус
car.car_buses_04	Orange double-decker bus	Оранжевый двухэтажный автобус
car.car_buses_05	Purple long double-decker bus	Фиолетовый длинный двухэтажный автобус
car.car_buses_06	White short school bus	Белый короткий школьный автобус
car.car_buses_07	Black school bus	Чёрный школьный автобус
car.car_buses_08	Teal long school bus	Бирюзовый длинный школьный автобус
car.car_buses_09	Pink bus with roof rack	Розовый автобус с багажником
car.car_classicsport_00	Antiope	Antiope
car.car_classicsport_01	Aura	Aura
car.car_classicsport_02	Betelgeuse	Betelgeuse
car.car_classicsport_03	Castalia	Castalia
car.car_classicsport_04	Dione	Dione
car.car_classicsport_05	Eros	Eros
car.car_classicsport_06	Luna	Luna
car.car_classicsport_07	Mercurio	Mercurio
car.car_classicsport_08	Pictoris	Pictoris
car.car_classicsport_09	Psyche	Psyche
car.car_construction_00	Red short excavator	Красный короткий экскаватор
car.car_construction_01	Blue excavator	Синий экскаватор
car.car_construction_02	Green long excavator	Зелёный длинный экскаватор
car.car_construction_03	Yellow short bulldozer	Жёлтый короткий бульдозер
car.car_construction_04	Orange bulldozer	Оранжевый бульдозер
car.car_construction_05	Purple long bulldozer	Фиолетовый длинный бульдозер
car.car_construction_06	White short mobile crane	Белый короткий автокран
car.car_construction_07	Black mobile crane	Чёрный автокран
car.car_construction_08	Teal long mobile crane	Бирюзовый длинный автокран
car.car_construction_09	Pink road roller	Розовый дорожный каток
car.car_emergency_00	Red short police sedan	Красный короткий полицейский седан
car.car_emergency_01	Blue police sedan	Синий полицейский седан
car.car_emergency_02	Green long police sedan	Зелёный длинный полицейский седан
car.car_emergency_03	Yellow short ambulance van	Жёлтый короткий фургон скорой помощи
car.car_emergency_04	Orange ambulance van	Оранжевый фургон скорой помощи
car.car_emergency_05	Purple long ambulance van	Фиолетовый длинный фургон скорой помощи
car.car_emergency_06	White short fire truck	Белый короткий пожарный автомобиль
car.car_emergency_07	Black fire truck	Чёрный пожарный автомобиль
car.car_emergency_08	Teal long fire truck	Бирюзовый длинный пожарный автомобиль
car.car_emergency_09	Pink emergency SUV	Розовый внедорожник спецслужб
car.car_extreme_00	Aeolus	Aeolus
car.car_extreme_01	Deimos	Deimos
car.car_extreme_02	Hadar	Hadar
car.car_extreme_03	Halley	Halley
car.car_extreme_04	Ixion	Ixion
car.car_extreme_05	Lelantos	Lelantos
car.car_extreme_06	Markab	Markab
car.car_extreme_07	Pegaso	Pegaso
car.car_extreme_08	Saurus	Saurus
car.car_extreme_09	Zephyr	Zephyr
car.car_gta_00	Callisto	Callisto
car.car_gta_01	Columbia	Columbia
car.car_gta_02	Doradus	Doradus
car.car_gta_03	Earth	Earth
car.car_gta_04	Eridanus	Eridanus
car.car_gta_05	Geras	Geras
car.car_gta_06	M78	M78
car.car_gta_07	Pallas	Pallas
car.car_gta_08	Persephone	Persephone
car.car_gta_09	Set	Set
car.car_gtr_00	Artemis	Artemis
car.car_gtr_01	Equinox	Equinox
car.car_gtr_02	Fulmine	Fulmine
car.car_gtr_03	Hawken	Hawken
car.car_gtr_04	Ixchel	Ixchel
car.car_gtr_05	Mistral	Mistral
car.car_gtr_06	Nero	Nero
car.car_gtr_07	Oblivion	Oblivion
car.car_gtr_08	Predator	Predator
car.car_gtr_09	Tetsuo	Tetsuo
car.car_hatchbacks_00	Anteros	Anteros
car.car_hatchbacks_01	Ascella	Ascella
car.car_hatchbacks_02	Chandra	Chandra
car.car_hatchbacks_03	Glauke-288	Glauke-288
car.car_hatchbacks_04	Ichor	Ichor
car.car_hatchbacks_05	Keres	Keres
car.car_hatchbacks_06	Nosaxa	Nosaxa
car.car_hatchbacks_07	Ocipete	Ocipete
car.car_hatchbacks_08	Pluton	Pluton
car.car_hatchbacks_09	Tiny	Tiny
car.car_monster_00	Red short monster truck	Красный короткий монстр-трак
car.car_monster_01	Blue monster truck	Синий монстр-трак
car.car_monster_02	Green long monster truck	Зелёный длинный монстр-трак
car.car_monster_03	Yellow short monster van	Жёлтый короткий монстр-фургон
car.car_monster_04	Orange monster van	Оранжевый монстр-фургон
car.car_monster_05	Purple long monster van	Фиолетовый длинный монстр-фургон
car.car_monster_06	White short monster truck with flags	Белый короткий монстр-трак с флагами
car.car_monster_07	Black monster truck with flags	Чёрный монстр-трак с флагами
car.car_monster_08	Teal long monster truck with flags	Бирюзовый длинный монстр-трак с флагами
car.car_monster_09	Pink monster truck with light bar	Розовый монстр-трак с фарами
car.car_muscle_00	Coggia	Coggia
car.car_muscle_01	Cupid	Cupid
car.car_muscle_02	Davida	Davida
car.car_muscle_03	Dionysus	Dionysus
car.car_muscle_04	Elara	Elara
car.car_muscle_05	Enif	Enif
car.car_muscle_06	Gliese-393	Gliese-393
car.car_muscle_07	Kalliope	Kalliope
car.car_muscle_08	Majoris	Majoris
car.car_muscle_09	Sunshine	Sunshine
car.car_pickups_00	Clymene	Clymene
car.car_pickups_01	Eos	Eos
car.car_pickups_02	Etelvinna	Etelvinna
car.car_pickups_03	Flora-8	Flora-8
car.car_pickups_04	Itonda	Itonda
car.car_pickups_05	Laelaps	Laelaps
car.car_pickups_06	Lyssa	Lyssa
car.car_pickups_07	Rogelia	Rogelia
car.car_pickups_08	Roxane-317	Roxane-317
car.car_pickups_09	Vortice	Vortice
car.car_police_00	Aletheia	Aletheia
car.car_police_01	Anhur	Anhur
car.car_police_02	Horus	Horus
car.car_police_03	Leto	Leto
car.car_police_04	Medusa	Medusa
car.car_police_05	Ponus	Ponus
car.car_police_06	Titan	Titan
car.car_police_07	Typhon	Typhon
car.car_police_08	Uranus	Uranus
car.car_police_09	Vulcan	Vulcan
car.car_racing_00	Red short racing car	Красный короткий гоночный болид
car.car_racing_01	Blue racing car	Синий гоночный болид
car.car_racing_02	Green long racing car	Зелёный длинный гоночный болид
car.car_racing_03	Yellow short racing car with big wing	Жёлтый короткий болид с большим антикрылом
car.car_racing_04	Orange racing car with big wing	Оранжевый болид с большим антикрылом
car.car_racing_05	Purple long racing car with big wing	Фиолетовый длинный болид с большим антикрылом
car.car_racing_06	White short racing car with airbox	Белый короткий болид с воздухозаборником
car.car_racing_07	Black racing car with airbox	Чёрный болид с воздухозаборником
car.car_racing_08	Teal long racing car with airbox	Бирюзовый длинный болид с воздухозаборником
car.car_racing_09	Pink twin-nose racing car	Розовый болид с двойным носом
car.car_rally_00	Adonis	Adonis
car.car_rally_01	Ananke	Ananke
car.car_rally_02	Cadmus	Cadmus
car.car_rally_03	Haumea	Haumea
car.car_rally_04	Hemera	Hemera
car.car_rally_05	Rhode	Rhode
car.car_rally_06	Silenus	Silenus
car.car_rally_07	Styx	Styx
car.car_rally_08	Taandoco	Taandoco
car.car_rally_09	Whiteout	Whiteout
car.car_retro_00	Red short retro sedan	Красный короткий ретро-седан
car.car_retro_01	Blue retro sedan	Синий ретро-седан
car.car_retro_02	Green long retro sedan	Зелёный длинный ретро-седан
car.car_retro_03	Yellow short retro roadster	Жёлтый короткий ретро-родстер
car.car_retro_04	Orange retro roadster	Оранжевый ретро-родстер
car.car_retro_05	Purple long retro roadster	Фиолетовый длинный ретро-родстер
car.car_retro_06	White short retro station wagon	Белый короткий ретро-универсал
car.car_retro_07	Black retro station wagon	Чёрный ретро-универсал
car.car_retro_08	Teal long retro station wagon	Бирюзовый длинный ретро-универсал
car.car_retro_09	Pink retro sedan with luggage	Розовый ретро-седан с багажом
car.car_sedans_00	Endeis	Endeis
car.car_sedans_01	Erebus	Erebus
car.car_sedans_02	Foreword	Foreword
car.car_sedans_03	Merope	Merope
car.car_sedans_04	Otomi	Otomi
car.car_sedans_05	Pheme	Pheme
car.car_sedans_06	Salacia	Salacia
car.car_sedans_07	Sapphire	Sapphire
car.car_sedans_08	Thisbe	Thisbe
car.car_sedans_09	Varuna	Varuna
car.car_service_00	Diotima	Diotima
car.car_service_01	Egeria	Egeria
car.car_service_02	Herculina-532	Herculina-532
car.car_service_03	Icebreaker	Icebreaker
car.car_service_04	Lancelot	Lancelot
car.car_service_05	Lares	Lares
car.car_service_06	Nessus	Nessus
car.car_service_07	Palma-372	Palma-372
car.car_service_08	Quaoar	Quaoar
car.car_service_09	Talos	Talos
car.car_special_00	Car_01	Car_01
car.car_special_01	Car_03	Car_03
car.car_special_02	Car_07	Car_07
car.car_special_03	Car_08	Car_08
car.car_special_04	Car_11	Car_11
car.car_sportcoupe_00	Benzaiten	Benzaiten
car.car_sportcoupe_01	Boar	Boar
car.car_sportcoupe_02	Carinae	Carinae
car.car_sportcoupe_03	Echo	Echo
car.car_sportcoupe_04	Encelado	Encelado
car.car_sportcoupe_05	Gaia	Gaia
car.car_sportcoupe_06	Grannus	Grannus
car.car_sportcoupe_07	Orcus	Orcus
car.car_sportcoupe_08	Sirius	Sirius
car.car_sportcoupe_09	Supernova	Supernova
car.car_supercars_00	Aphrodite	Aphrodite
car.car_supercars_01	Atlas	Atlas
car.car_supercars_02	Azura	Azura
car.car_supercars_03	Azzurro	Azzurro
car.car_supercars_04	Belenus	Belenus
car.car_supercars_05	Europa	Europa
car.car_supercars_06	Hyas	Hyas
car.car_supercars_07	Juno	Juno
car.car_supercars_08	Rhea	Rhea
car.car_supercars_09	Thalassa	Thalassa
car.car_suv_00	Alcyone	Alcyone
car.car_suv_01	Faunus	Faunus
car.car_suv_02	Interamnia	Interamnia
car.car_suv_03	Mimas	Mimas
car.car_suv_04	Nephele	Nephele
car.car_suv_05	Oniros	Oniros
car.car_suv_06	Ragnar	Ragnar
car.car_suv_07	Scamander	Scamander
car.car_suv_08	Tethys	Tethys
car.car_suv_09	Tlaloc	Tlaloc
car.car_trucks_00	Red short container truck	Красный короткий грузовик-контейнеровоз
car.car_trucks_01	Blue container truck	Синий грузовик-контейнеровоз
car.car_trucks_02	Green long container truck	Зелёный длинный грузовик-контейнеровоз
car.car_trucks_03	Yellow short tanker truck	Жёлтый короткий бензовоз
car.car_trucks_04	Orange tanker truck	Оранжевый бензовоз
car.car_trucks_05	Purple long tanker truck	Фиолетовый длинный бензовоз
car.car_trucks_06	White short log truck	Белый короткий лесовоз
car.car_trucks_07	Black log truck	Чёрный лесовоз
car.car_trucks_08	Teal long log truck	Бирюзовый длинный лесовоз
car.car_trucks_09	Pink dump truck	Розовый самосвал
car.car_vans_00	Hercules	Hercules
car.car_vans_01	Limos	Limos
car.car_vans_02	Moros	Moros
car.car_vans_03	Pan_Burger	Pan_Burger
car.car_vans_04	Pan_Donut	Pan_Donut
car.car_vans_05	Pan_HotDog	Pan_HotDog
car.car_vans_06	Pan_IceCream	Pan_IceCream
car.car_vans_07	Pan_Pizza	Pan_Pizza
car.car_vans_08	Peleus	Peleus
car.car_vans_09	Thoth	Thoth
cat.cat_buses	Buses	Автобусы
cat.cat_classicsport	Classic Sports	Классические спорткары
cat.cat_construction	Construction	Стройтехника
cat.cat_emergency	Emergency	Спецслужбы
cat.cat_extreme	Extreme	Экстрим
cat.cat_gta	GT Racing A	Гонки GT A
cat.cat_gtr	GT Racing R	Гонки GT R
cat.cat_hatchbacks	Hatchbacks	Хэтчбеки
cat.cat_monster	Monster Trucks	Монстр-траки
cat.cat_muscle	Muscle Cars	Маслкары
cat.cat_pickups	Pickups	Пикапы
cat.cat_police	Police	Полиция
cat.cat_racing	Racing	Гонки
cat.cat_rally	Rally & Tuning	Ралли и тюнинг
cat.cat_retro	Retro	Ретро
cat.cat_sedans	Sedans	Седаны
cat.cat_service	Emergency & Service	Спецслужбы
cat.cat_special	Special	Особые
cat.cat_sportcoupe	Sport Coupes	Спорткупе
cat.cat_supercars	Supercars	Суперкары
cat.cat_suv	SUVs	Внедорожники
cat.cat_trucks	Trucks	Грузовики
cat.cat_vans	Vans & Food Trucks	Фургоны и фудтраки
ctl.ability1	Find matches	Поиск совпадений
ctl.ability2	Auto-collect	Автосбор совпадений
ctl.ability3	Rack highlight	Подсветка стеллажа
ctl.crouch	Crouch	Присед
ctl.interact	Take	Взять
ctl.jump	Jump	Прыжок
ctl.look	Look around	Обзор
ctl.mouse_key	Mouse	Мышь
ctl.move	Move	Передвижение
ctl.pause	Pause	Пауза
ctl.place	Place on a shelf or throw	Поставить на полку или бросить
ctl.select	Select item in hands	Выбор предмета в руках
ctl.sprint	Sprint	Бег
ctl.wheel_key	Mouse wheel	Колесо мыши
msg.ability_not_ready	Ability is not ready yet	Способность ещё не готова
msg.bomb_spawned	A bomb dropped from the machine, find it in the pile	Из автомата выпала бомба, ищи в куче
msg.collectible_found	Canister found: {0}/{1}	Канистра найдена: {0}/{1}
msg.crate_found	Parts crate: +1	Ящик запчастей: +1
msg.game_complete	All shelves closed. The warehouse is in perfect order!	Все полки закрыты. Склад в полном порядке!
msg.need_item_in_hands	Take something in your hands	Возьми что-нибудь в руки
msg.no_crates	No parts crates	Нет ящиков запчастей
msg.radio_track	Radio: {0}/{1}	Радио: {0}/{1}
msg.register_empty	Register is empty	Касса пуста
msg.register_paid	Register: +${0}	Касса: +${0}
msg.register_progress	Register: {0}/{1}	Касса: {0}/{1}
msg.rotate_device	Rotate your phone to landscape	Поверните телефон горизонтально
msg.slot_reward	You got: {0}	Выпало: {0}
msg.special_maxed	This car is fully upgraded	Машина прокачана полностью
pad.circle	Circle	Круг
pad.cross	Cross	Крест
pad.dpad	D-pad	Крестовина
pad.leftstick	Left stick	Левый стик
pad.leftstickpress	Left stick (press)	Левый стик (нажать)
pad.rightstick	Right stick	Правый стик
pad.rightstickpress	Right stick (press)	Правый стик (нажать)
pad.square	Square	Квадрат
pad.triangle	Triangle	Треугольник
slot_cooldown.desc	Abilities recharge faster	Способности откатываются быстрее
slot_cooldown.name	Faster cooldown	Быстрый откат
slot_crate.desc	+1 crate to upgrade special cars	+1 ящик для прокачки особых машин
slot_crate.name	Parts crate	Ящик запчастей
slot_duration.desc	Find matches and rack highlight last longer	Поиск совпадений и подсветка стеллажа держатся дольше
slot_duration.name	Longer effect	Долгое действие
slot_inventory.desc	+1 inventory slot beyond the terminal	Инвентарь +1 сверх терминала
slot_inventory.name	Extra slot	Ещё один слот
slot_radius.desc	Auto-collect reaches farther	Автосбор тянет машинки с большего расстояния
slot_radius.name	Wider auto-collect	Широкий автосбор
special.step.decals	Decals	Декали
special.step.engine	Engine	Двигатель
special.step.foglight	Roof lights	Противотуманки
special.step.front_bumper	Front bumper	Передний бампер
special.step.headlight	Headlights	Фары
special.step.pipe	Exhaust	Выхлоп
special.step.policelight	Police light	Мигалка
special.step.rear_bumper	Rear bumper	Задний бампер
special.step.spoiler	Spoiler	Спойлер
special.step.turbine	Turbine	Турбина
special.step.wheels	Wheels	Колёса
tut.look	{0} — look around	{0} — повертеть камерой
tut.look_touch	Right half of the screen — look around	Правая половина экрана — повертеть камерой
tut.place	{0} — place it on the highlighted rack	{0} — поставить на подсвеченный стеллаж
tut.place_touch	Place button — the highlighted rack	Кнопка «поставить» — подсвеченный стеллаж
tut.take	{0} — pick up any car	{0} — взять любую машинку
tut.take_touch	Take button — pick up any car	Кнопка «взять» — взять любую машинку
tut.walk	{0} — walk around	{0} — походить
tut.walk_touch	Left stick — walk around	Стик слева — походить
ui.ab1	Find	Поиск
ui.ab2	Auto-collect	Автосбор
ui.ab3	Rack	Стеллаж
ui.back	Back	Назад
ui.balance	Balance	Баланс
ui.buy	Buy	Купить
ui.cancel	Cancel	Отмена
ui.cars	Cars	Машинки
ui.close	Close	Закрыть
ui.collectibles	Canisters	Канистры
ui.controls	Controls	Управление
ui.crates	Parts crates	Ящики запчастей
ui.hint	{0} take · {1} place/throw · {2} select · {3} menu	{0} взять · {1} поставить/бросить · {2} выбрать · {3} меню
ui.language	Language	Язык
ui.max	Max	Макс.
ui.music	Music	Музыка
ui.newgame	Reset progress	Сбросить прогресс
ui.off	Off	Выкл
ui.on	On	Вкл
ui.pause	Pause	Пауза
ui.push_buy	Push buy	Нажми купить
ui.reset_confirm	Reset all progress and start over?	Вы точно хотите сбросить весь прогресс и начать заново?
ui.resume	Resume	Продолжить
ui.save	Save	Сохранить
ui.saved	Saved	Сохранено
ui.sens_x	Horizontal sensitivity	Чувствительность по горизонтали
ui.sens_y	Vertical sensitivity	Чувствительность по вертикали
ui.settings	Settings	Настройки
ui.sfx	Effects	Эффекты
ui.shelves	Shelves	Полки
ui.shuffle	Shuffle the pile	Перемешать кучу
ui.shuffling	Shuffling the pile…	Перемешиваем кучу…
ui.slot	Slot Machine	Слот-машина
ui.slot_bomb	Bomb!	Бомба!
ui.slot_bomb_extra	bomb	бомба
ui.slot_bonus_cd	cooldown ×{0}	откат ×{0}
ui.slot_bonus_duration	duration ×{0}	действие ×{0}
ui.slot_bonus_radius	radius ×{0}	радиус ×{0}
ui.slot_empty	Empty. All rewards are out	Пусто. Все награды выданы
ui.slot_empty_bombs	Rewards are out. Every spin drops a bomb	Награды закончились. Каждый спин даёт бомбу
ui.slot_idle	Every spin gives a reward	Каждое вращение даёт награду
ui.slot_prizes	Prizes	Призы
ui.slot_remaining	Rewards left: {0}	Осталось наград: {0}
ui.special_done	All parts installed	Все детали установлены
ui.special_hold	Hold to upgrade	Удерживай, чтобы улучшить
ui.special_level	Upgrades: {0}/{1}	Улучшений: {0}/{1}
ui.special_max	Maxed out	Максимум
ui.special_next	Next part: {0}	Следующая деталь: {0}
ui.spin	Spin · ${0}	Крутить · ${0}
ui.terminal	Upgrade Terminal	Терминал улучшений
ui.unstuck	Return stuck cars	Вернуть застрявшие машинки
ui.vibration	Vibration	Вибрация
ui.yes	Yes, reset	Да, сбросить
upg_autocollect.desc	Key 2: pulls the same cars nearby into your inventory	Клавиша 2: затягивает такие же машинки поблизости в инвентарь
upg_autocollect.name	Auto-collect	Автосбор совпадений
upg_autoplace.desc	A car thrown into its rack snaps onto a shelf	Брошенная в свой стеллаж машинка сама встаёт на полку
upg_autoplace.name	Auto-place on throw	Авторасстановка при броске
upg_crouch.desc	Hold Ctrl to crouch under shelves	Присед на Ctrl, чтобы собирать под полками
upg_crouch.name	Unlock crouch	Открыть присед
upg_dup_highlight.desc	Key 1: matching cars in the pile glow and float up	Клавиша 1: такие же машинки в куче подсвечиваются и поднимаются в воздух
upg_dup_highlight.name	Find matches	Поиск совпадений
upg_inventory.desc	+1 slot per level, up to 15	+1 слот за уровень, максимум 15
upg_inventory.name	Bigger inventory	Больший инвентарь
upg_range.desc	Take and place cars from farther away	Брать и ставить машинки с большего расстояния
upg_range.name	Longer reach	Большая дальность
upg_shelf_highlight.desc	Key 3: highlights the rack for the car in hand	Клавиша 3: подсвечивает стеллаж категории машинки в руках
upg_shelf_highlight.name	Rack highlight	Подсветка стеллажа
upg_sprint.desc	Hold Shift to run	Бег на Shift
upg_sprint.name	Unlock sprint	Открыть спринт
upg_throw.desc	Cars fly farther	Машинки летят дальше
upg_throw.name	Stronger throw	Более сильный бросок
